Matricula,Marca
AIP 852 MC,FUSO CANTER
AIR 039 MC,FUSO CANTER
AIL 168 MC,FUSO CANTER
AIH 933 MC, ZHONG TONG
AIH 894 MC, ZHONG TONG
AGY 696 MC ,TATA
AHA 393 MC ,TATA
AHA 236 MC ,TATA
AGU 682 MC,VOLKSWAGEN
AGY 693 MC ,TATA
AGZ 306 MC ,TATA
AGU 674 MC,VOLKSWAGEN
AHJ 604 MC,VOLKSWAGEN NEO
AGY 683 MC ,TATA
AGZ 281 MC ,TATA
AIH 902 MC, ZHONG TONG
AGU 676 MC,VOLKSWAGEN
AHA 285 MC ,TATA
AGZ 251 MC ,TATA
AGZ 331 MC ,TATA
AGV 051 MC,VOLKSWAGEN
AIH 896 MC, ZHONG TONG
AGY  671 MC,TATA
AGV 049 MC,VOLKSWAGEN 
AIH 980 MC, ZHONG TONG
AHA 953 MC ,TATA
AGX 353 MC ,TATA
AGZ 244 MC ,TATA
AGU 673 MC,VOLKSWAGEN 
AIH 974 MC, ZHONG TONG
AIH 971 MC, ZHONG TONG
AIH 995 MC, ZHONG TONG
AIH 937 MC, ZHONG TONG
AGT 687 MC, ZHONG TONG
AGT 694 MC, ZHONG TONG
AGT 677 MC, ZHONG TONG
AGT 683 MC, ZHONG TONG
AGT 695 MC, ZHONG TONG
AGT 698 MC, ZHONG TONG
AGT 707 MC, ZHONG TONG
AGT 709 MC, ZHONG TONG
AGU 681 MC,VOLKSWAGEN
AGU 683 MC,VOLKSWAGEN
AGV 047 MC,VOLKSWAGEN
AGV 048 MC,VOLKSWAGEN
AGV 052 MC,VOLKSWAGEN
AGV 053 MC,VOLKSWAGEN
AGV 698 MC,VOLKSWAGEN
AIH 998 MC, ZHONG TONG
AIR 035 MC,FUSO CANTER
AIH 963 MC, ZHONG TONG
AHW 299 MC,YUTONG
AIR 036 MC,FUSO CANTER
AIH 941 MC, ZHONG TONG
AHJ 612 MC,VOLKSWAGEN NEO
AIH 979 MC, ZHONG TONG
AHJ 616 MC,VOLKSWAGEN NEO
AHJ 619 MC,VOLKSWAGEN NEO
AHJ 620 MC,VOLKSWAGEN NEO
AIH 959 MC, ZHONG TONG
AHW 092 MC,YUTONG
AIH 972 MC, ZHONG TONG
AIH 970 MC, ZHONG TONG
AIH 887 MC, ZHONG TONG
AIH 940 MC, ZHONG TONG
AIH 922 MC , ZHONG TONG 
AHV 729 MC ,YUTONG
AHV 728 MC ,YUTONG
AHV 724 MC ,YUTONG
AHV 759 MC ,YUTONG
AHV 752 MC ,YUTONG
AHV 671 MC ,YUTONG
AHV 760 MC ,YUTONG
AHV 766 MC ,YUTONG
AIV 486 MC ,FUSO CANTER
AHV 948 MC ,YUTONG
AIH 895 MC , ZHONG TONG 
AIH 951 MC , ZHONG TONG 
AGT 710 MC, ZHONG TONG
AGT 712 MC, ZHONG TONG
AGT 739 MC, ZHONG TONG
AGT 643 MC, ZHONG TONG
AGT 691 MC, ZHONG TONG
AGT 646 MC, ZHONG TONG
AGV 700 MC,VOLSKWAGEN
AGV 447 MC,VOLSKWAGEN
AGT 658 MC, ZHONG TONG
AGV 997 MC, ZHONG TONG
AGT 741 MC, ZHONG TONG
AII 021 MC, ZHONG TONG
AGV 702 MC,VOLSKWAGEN
AGT 639 MC, ZHONG TONG
AGT 729 MC, ZHONG TONG
AGV 045 MC,VOLSKWAGEN
AGT 632 MC, ZHONG TONG
AGT 718 MC, ZHONG TONG
AGT 720 MC, ZHONG TONG
AGT 675 MC, ZHONG TONG
AGV 996 MC, ZHONG TONG
AGT 652 MC, ZHONG TONG
AGT 703 MC, ZHONG TONG
AGT 726 MC, ZHONG TONG
AGV 443 MC,VOLSKWAGEN
AGT 697 MC, ZHONG TONG
AHA 306 MC,TATA 
AGX 348 MC,TATA 
AGZ 327 MC,TATA
AGZ 278 MC,TATA 
AGY 701 MC,TATA 
AGY 680 MC,TATA 
AIH 018 MC, ZHONG TONG
AIH 987 MC, ZHONG TONG
AIH 985 MC, ZHONG TONG
AGT 645 MC, ZHONG TONG
AGV 704 MC,VOLSKWAGEN
AGV 706 MC,VOLSKWAGEN
AHJ 650 MC,VOLSKWAGEN
AIH 910 MC, ZHONG TONG
AGV 441 MC,VOLSKWAGEN
AHA 237 MC,TATA 
AGT 682 MC, ZHONG TONG
AIH 912 MC, ZHONG TONG
AGV 696 MC,VOLSKWAGEN
AGV 705 MC,VOLSKWAGEN
AGT 692 MC, ZHONG TONG
AIH 988 MC, ZHONG TONG
AII 013 MC, ZHONG TONG
AGV 446 MC,VOLSKWAGEN
AIH 956 MC, ZHONG TONG
AHA 303 MC,TATA 
AGT 722 MC, ZHONG TONG
AGV 692 MC,VOLSKWAGEN
AIH 966 MC, ZHONG TONG
AGT 723 MC, ZHONG TONG
AIH 997 MC, ZHONG TONG
AGV 995 MC, ZHONG TONG
AIH 993 MC, ZHONG TONG
AIH 944 MC, ZHONG TONG
AHA 256 MC,TATA 
AIH 914 MC, ZHONG TONG
AGY 672 MC,TATA 
AIH 947 MC, ZHONG TONG
AHJ 628 MC,VOLSKWAGEN
AHJ 645 MC,VOLSKWAGEN
AIH 935 MC, ZHONG TONG
AHJ 638 MC,VOLSKWAGEN
AGX 351 MC,TATA 
AHJ 644 MC,VOLSKWAGEN
AHJ 648 MC,VOLSKWAGEN
AHJ 622 MC,VOLSKWAGEN
AGY 686 MC,TATA 
AHJ 651 MC,VOLSKWAGEN
AFH 104 MC ,YUTONG
AFH 090 MC ,YUTONG
AFH 100 MC ,YUTONG
AFH 081 MC ,YUTONG
AFH 027 MC ,YUTONG
AFH 099 MC ,YUTONG
AFH 079 MC,YUTONG
AFH 136 MC ,YUTONG
AFH 109 MC,YUTONG
AFH 092 MC ,YUTONG
AFH 028 MC,YUTONG
AFH 084 MC,YUTONG
AFH 086 MC ,YUTONG
AFH 102 MC,YUTONG
AFH 110 MC ,YUTONG
AFH 107 MC ,YUTONG
AFH 286 MC ,YUTONG
AFH 021 MC ,YUTONG
AFH 024 MC ,YUTONG
AFH 020 MC ,YUTONG
AFH 974 MC ,YUTONG
AFH 095 MC ,YUTONG
AFH 097 MC ,YUTONG
AFH 026 MC ,YUTONG
AFH 111 MC ,YUTONG
AIH 984 MC,ZONG TONG
AIH 976 MC,ZONG TONG
AHA 282 MC,TATA
AGZ 247 MC,TATA
AHA 229 MC,TATA
AGZ 280 MC,TATA
AGZ 681 MC,TATA
AGZ 279 MC,TATA
AGZ 697 MC,TATA
 AFH 046 MC,YUTONG
 AFH 142 MC,YUTONG
 AFH 085 MC,YUTONG
 AGZ 689 MC,YUTONG
 AHA 347 MC,TATA
AFH 022 MC ,YUTONG
AFH 023 MC ,YUTONG
AFH 025 MC ,YUTONG
AFH 083 MC,YUTONG
AFH 087 MC,YUTONG
AFH 088 MC ,YUTONG
AFH 091 MC,YUTONG
AFH 094 MC,YUTONG
AFH 096 MC,YUTONG
AFH 098 MC ,YUTONG
AFH 106 MC ,YUTONG
AFH 137 MC,YUTONG
AFH 143 MC,YUTONG
AFH 144 MC,YUTONG
AFH 145 MC ,YUTONG
AFH 146 MC ,YUTONG
AFH 245 MC,YUTONG
AFH 977 MC ,YUTONG
AFH108 MC,YUTONG
AFH147 MC,YUTONG
AHA 298 MC,TATA
AHA 247 MC,TATA
AFH089 MC,YUTONG
AGZ 322 MC,TATA
AGZ 282 MC,YUTONG
AHJ 664 MC,VOLKSWAGEN
AII 007 MC,ZONG TONG
AIH 920 MC,ZONG TONG
AGZ 294 MC,TATA
AHJ 626 MC,VOLKSWAGEN
AHJ 665 MC,VOLKSWAGEN
AII 004 MC ,ZONG TONG
AGZ 694 MC,YUTONG
AHA 232 MC ,TATA
AHA 238 MC,TATA
 AGZ 708 MC ,TATA
AIH 983 MC ,ZONG TONG
AIH 960 MC,ZONG TONG
AFH123 MC ,YUTONG
AIG 379 MC,FUSO CANTER
AIP 850 MC,FUSO CANTER
AIP 853 MC,FUSO CANTER
AIP 855 MC,FUSO CANTER
AGT 706 MC, ZHONG TONG 
AGY 699 MC,TATA
AGT 725 MC, ZHONG TONG 
AGT 734 MC, ZHONG TONG 
AGT 738 MC, ZHONG TONG 
AGT 680 MC, ZHONG TONG 
AGT 653 MC, ZHONG TONG 
AGT 672 MC, ZHONG TONG 
AGT 629 MC, ZHONG TONG 
AGT 731 MC, ZHONG TONG 
AGT 719 MC, ZHONG TONG 
AGT 634 MC, ZHONG TONG 
AGT 702 MC, ZHONG TONG 
AGT 708 MC, ZHONG TONG 
AGT 742 MC, ZHONG TONG 
AGT 662 MC, ZHONG TONG 
AHW 100 MC,YUTONG
AGT 699 MC, ZHONG TONG 
AHA 244 MC,TATA
AHD 332 MC,TATA
AGT 690 MC, ZHONG TONG 
AGT 648 MC, ZHONG TONG 
AGT 650 MC, ZHONG TONG 
AGT 655 MC, ZHONG TONG 
AGT 685 MC, ZHONG TONG 
AGT 713 MC, ZHONG TONG 
AGT 714 MC, ZHONG TONG 
AGT 716 MC, ZHONG TONG 
AGT 724 MC, ZHONG TONG 
AGT 732 MC, ZHONG TONG 
AGY 684 MC,TATA
AGY 690 MC,TATA
AGZ 284 MC,TATA
AHA 294 MC,TATA
AHD 329 MC,TATA
AHJ 672 MC,VOLKSWAGEN NEO
AHJ 673 MC,VOLKSWAGEN NEO
AHJ 675 MC,VOLKSWAGEN NEO
AHJ 679 MC,VOLKSWAGEN NEO
AHW 086 MC,YUTONG
AIH 991 MC, ZHONG TONG 
AIH 945 MC, ZHONG TONG 
AIH 990 MC, ZHONG TONG 
AGV 708 MC,VOLKSWAGEN
AGV 709 MC,VOLKSWAGEN
AGV 694 MC,VOLKSWAGEN
AGV 695 MC,VOLKSWAGEN
AGV 448 MC,VOLKSWAGEN
AHW 102 MC,YUTONG
AHJ 601 MC,VOLKSWAGEN
AHA 239 MC,TATA
AGY 688 MC,TATA
AGY 677 MC,TATA
AHW 067 MC,YUTONG
AHW 069 MC,YUTONG
AHJ 653 MC,VOLKSWAGEN
AHW 018 MC,YUTONG
AHW 096 MC,YUTONG
AHW 104 MC,YUTONG
AHW 076 MC,YUTONG
AHW 072 MC,YUTONG
AHJ 707 MC,VOLKSWAGEN
AHJ 714 MC,VOLKSWAGEN
AHW 296 MC,YUTONG
AHW 294 MC,YUTONG
AHW 089 MC,YUTONG
AHV 889 MC,YUTONG
AGX 354 MC,TATA
AHJ 660 MC,VOLKSWAGEN
AGZ 291 MC,TATA
AGX 349 MC,TATA
AGZ 295 MC,TATA
AHA 308 MC,TATA
AHA 950 MC,TATA
AGY 692 MC,TATA
AHJ 668 MC,VOLKSWAGEN
AHJ 643 MC,VOLKSWAGEN
AGY 678 MC,TATA
AGY 682 MC,TATA
AGZ 309 MC,TATA
AGZ 348 MC,TATA
AGZ 242 MC,TATA 
AGZ 246 MC,TATA 
AGZ 285 MC,TATA 
AGZ 248 MC,TATA
AGZ 241 MC,TATA 
AGZ 318 MC,TATA 
AGZ 293 MC,TATA
AGZ 253 MC,TATA
AGZ 250 MC,TATA 
AGZ 286 MC,TATA
AGZ 290 MC,TATA 
AGZ 297 MC,TATA
AGZ 298 MC,TATA 
AGZ 334 MC,TATA 
AGZ 411 MC,TATA
AHJ 683 MC,VOLKSWAGEN 
AHJ 695 MC,VOLKSWAGEN 
AHW 059 MC,YUTONG
AII 005 MC, ZHONG TONG 
AHW 094 MC,YUTONG 
AII 015 MC, ZHONG TONG
AHV 891 MC,YUTONG
AHW 064 MC,YUTONG 
AII 017 MC, ZHONG TONG 
AHW 056 MC,YUTONG
AHW 061 MC,YUTONG 
AHW 082 MC,YUTONG
AHW 079 MC,YUTONG
AHJ 655 MC,VOLKSWAGEN NEO
AHJ 658 MC,VOLKSWAGEN NEO
AHJ 690 MC,VOLKSWAGEN NEO
AHJ 713 MC,VOLKSWAGEN NEO
AIH 905 MC, ZHONG TONG
AIH 992 MC, ZHONG TONG
AIH 954 MC, ZHONG TONG
AII 016 MC, ZHONG TONG
AIH 900 MC, ZHONG TONG
AIH 890 MC,FUSO CANTER
AIH 925 MC,FUSO CANTER
AIH 942 MC ,FUSO CANTER
AIH 957 MC, ZHONG TONG
AIH 964 MC, ZHONG TONG
AIH 994 MC, ZHONG TONG
AII 003 MC, ZHONG TONG
AII 020 MC, ZHONG TONG
AHJ 692 MC, ZHONG TONG
AHJ 702 MC, ZHONG TONG
AHJ 598 MC , ZHONG TONG
AHJ 621 MC,VOLKSWAGEN
AEY 155 MC,VOLKSWAGEN
AHJ 600 MC,VOLKSWAGEN
AEP 169 MC ,VOLKSWAGEN
AHJ 605 MC,VOLKSWAGEN
AEQ 096 MC,VOLKSWAGEN
AHJ 711 MC,VOLKSWAGEN
AHJ 636 MC,VOLKSWAGEN
AEV 724 MC,VOLKSWAGEN
AET 050 MC,VOLKSWAGEN
AEQ 117 MC,VOLKSWAGEN
AHJ 623 MC,VOLKSWAGEN
AHJ 685 MC,VOLKSWAGEN
AEQ 501 MC,VOLKSWAGEN
AFE 562 MP,VOLKSWAGEN
AFD 575 MP,VOLKSWAGEN
AHJ 609 MC,VOLKSWAGEN
AET 309 MC,VOLKSWAGEN
AHJ 640 MC,VOLKSWAGEN
AHJ 625 MC,VOLKSWAGEN
AEV 732 MC,VOLKSWAGEN
AEV 727 MC,VOLKSWAGEN
AHJ 641 MC,VOLKSWAGEN
ADT 093 MC,TATA
AHJ 607 MC,VOLKSWAGEN NEO
AHJ 611 MC,VOLKSWAGEN NEO
AHJ 617 MC,VOLKSWAGEN NEO
AHJ 629 MC,VOLKSWAGEN NEO
AHJ 633 MC,VOLKSWAGEN NEO
AHJ 635 MC,VOLKSWAGEN NEO
AHJ 656 MC,VOLKSWAGEN NEO
AHJ 670 MC,VOLKSWAGEN NEO
AHJ 687 MC,VOLKSWAGEN NEO
AHJ 705 MC,VOLKSWAGEN NEO
AHJ 715 MC,VOLKSWAGEN NEO
AIH 929 MC, ZHONG TONG
AIH 973 MC, ZHONG TONG
AIH 996 MC, ZHONG TONG
AEE 634 MC,ASHOK LEY
ABA 686 MC,ASHOK LEY
AII 022 MC, ZHONG TONG
AHJ 595 MC,VOLKSWAGEN
AIH 978 MC, ZHONG TONG
AHA 235 MC,TATA
