Matricula	Marca
AFH 046 MC	YUTONG
AFH 085 MC	YUTONG
AFH 142 MC	YUTONG
AGZ 689 MC	YUTONG
AGZ 708 MC 	TATA
AHA 347 MC	TATA
ABA 686 MC	ASHOK LEY
ADT 093 MC	TATA
AEE 634 MC	ASHOK LEY
AEP 169 MC 	VOLKSWAGEN
AEQ 096 MC	VOLKSWAGEN
AEQ 117 MC	VOLKSWAGEN
AEQ 501 MC	VOLKSWAGEN
AET 050 MC	VOLKSWAGEN
AET 309 MC	VOLKSWAGEN
AEV 724 MC	VOLKSWAGEN
AEV 727 MC	VOLKSWAGEN
AEV 732 MC	VOLKSWAGEN
AEY 155 MC	VOLKSWAGEN
AFD 575 MP	VOLKSWAGEN
AFE 562 MP	VOLKSWAGEN
AFH 020 MC 	YUTONG
AFH 021 MC 	YUTONG
AFH 022 MC 	YUTONG
AFH 023 MC 	YUTONG
AFH 024 MC 	YUTONG
AFH 025 MC 	YUTONG
AFH 026 MC 	YUTONG
AFH 027 MC 	YUTONG
AFH 028 MC	YUTONG
AFH 079 MC	YUTONG
AFH 081 MC 	YUTONG
AFH 083 MC	YUTONG
AFH 084 MC	YUTONG
AFH 086 MC 	YUTONG
AFH 087 MC	YUTONG
AFH 088 MC 	YUTONG
AFH 089 MC	YUTONG
AFH 090 MC 	YUTONG
AFH 091 MC	YUTONG
AFH 092 MC 	YUTONG
AFH 094 MC	YUTONG
AFH 095 MC 	YUTONG
AFH 096 MC	YUTONG
AFH 097 MC 	YUTONG
AFH 098 MC 	YUTONG
AFH 099 MC 	YUTONG
AFH 100 MC 	YUTONG
AFH 102 MC	YUTONG
AFH 104 MC 	YUTONG
AFH 106 MC 	YUTONG
AFH 107 MC 	YUTONG
AFH 108 MC	YUTONG
AFH 109 MC	YUTONG
AFH 110 MC 	YUTONG
AFH 111 MC 	YUTONG
AFH 123 MC 	YUTONG
AFH 136 MC 	YUTONG
AFH 137 MC	YUTONG
AFH 143 MC	YUTONG
AFH 144 MC	YUTONG
AFH 145 MC 	YUTONG
AFH 146 MC 	YUTONG
AFH 147 MC	YUTONG
AFH 245 MC	YUTONG
AFH 286 MC 	YUTONG
AFH 974 MC 	YUTONG
AFH 977 MC 	YUTONG
AGT 629 MC	 ZHONG TONG 
AGT 632 MC	 ZHONG TONG
AGT 634 MC	 ZHONG TONG 
AGT 639 MC	 ZHONG TONG
AGT 643 MC	 ZHONG TONG
AGT 645 MC	 ZHONG TONG
AGT 646 MC	 ZHONG TONG
AGT 648 MC	 ZHONG TONG 
AGT 650 MC	 ZHONG TONG 
AGT 652 MC	 ZHONG TONG
AGT 653 MC	 ZHONG TONG 
AGT 655 MC	 ZHONG TONG 
AGT 658 MC	 ZHONG TONG
AGT 662 MC	 ZHONG TONG 
AGT 672 MC	 ZHONG TONG 
AGT 675 MC	 ZHONG TONG
AGT 677 MC	 ZHONG TONG
AGT 680 MC	 ZHONG TONG 
AGT 682 MC	 ZHONG TONG
AGT 683 MC	 ZHONG TONG
AGT 685 MC	 ZHONG TONG 
AGT 687 MC	 ZHONG TONG
AGT 690 MC	 ZHONG TONG 
AGT 691 MC	 ZHONG TONG
AGT 692 MC	 ZHONG TONG
AGT 694 MC	 ZHONG TONG
AGT 695 MC	 ZHONG TONG
AGT 697 MC	 ZHONG TONG
AGT 698 MC	 ZHONG TONG
AGT 699 MC	 ZHONG TONG 
AGT 702 MC	 ZHONG TONG 
AGT 703 MC	 ZHONG TONG
AGT 706 MC	 ZHONG TONG 
AGT 707 MC	 ZHONG TONG
AGT 708 MC	 ZHONG TONG 
AGT 709 MC	 ZHONG TONG
AGT 710 MC	 ZHONG TONG
AGT 712 MC	 ZHONG TONG
AGT 713 MC	 ZHONG TONG 
AGT 714 MC	 ZHONG TONG 
AGT 716 MC	 ZHONG TONG 
AGT 718 MC	 ZHONG TONG
AGT 719 MC	 ZHONG TONG 
AGT 720 MC	 ZHONG TONG
AGT 722 MC	 ZHONG TONG
AGT 723 MC	 ZHONG TONG
AGT 724 MC	 ZHONG TONG 
AGT 725 MC	 ZHONG TONG 
AGT 726 MC	 ZHONG TONG
AGT 729 MC	 ZHONG TONG
AGT 731 MC	 ZHONG TONG 
AGT 732 MC	 ZHONG TONG 
AGT 734 MC	 ZHONG TONG 
AGT 738 MC	 ZHONG TONG 
AGT 739 MC	 ZHONG TONG
AGT 741 MC	 ZHONG TONG
AGT 742 MC	 ZHONG TONG 
AGU 673 MC	VOLKSWAGEN 
AGU 674 MC	VOLKSWAGEN
AGU 676 MC	VOLKSWAGEN
AGU 681 MC	VOLKSWAGEN
AGU 682 MC	VOLKSWAGEN
AGU 683 MC	VOLKSWAGEN
AGV 045 MC	VOLSKWAGEN
AGV 047 MC	VOLKSWAGEN
AGV 048 MC	VOLKSWAGEN
AGV 049 MC	VOLKSWAGEN 
AGV 051 MC	VOLKSWAGEN
AGV 052 MC	VOLKSWAGEN
AGV 053 MC	VOLKSWAGEN
AGV 441 MC	VOLSKWAGEN
AGV 443 MC	VOLSKWAGEN
AGV 446 MC	VOLSKWAGEN
AGV 447 MC	VOLSKWAGEN
AGV 448 MC	VOLKSWAGEN
AGV 692 MC	VOLSKWAGEN
AGV 694 MC	VOLKSWAGEN
AGV 695 MC	VOLKSWAGEN
AGV 696 MC	VOLSKWAGEN
AGV 698 MC	VOLKSWAGEN
AGV 700 MC	VOLSKWAGEN
AGV 702 MC	VOLSKWAGEN
AGV 704 MC	VOLSKWAGEN
AGV 705 MC	VOLSKWAGEN
AGV 706 MC	VOLSKWAGEN
AGV 708 MC	VOLKSWAGEN
AGV 709 MC	VOLKSWAGEN
AGV 995 MC	 ZHONG TONG
AGV 996 MC	 ZHONG TONG
AGV 997 MC	 ZHONG TONG
AGX 348 MC	TATA 
AGX 349 MC	TATA
AGX 351 MC	TATA 
AGX 353 MC 	TATA
AGX 354 MC	TATA
AGY  671 MC	TATA
AGY 672 MC	TATA 
AGY 677 MC	TATA
AGY 678 MC	TATA
AGY 680 MC	TATA 
AGY 682 MC	TATA
AGY 683 MC 	TATA
AGY 684 MC	TATA
AGY 686 MC	TATA 
AGY 688 MC	TATA
AGY 690 MC	TATA
AGY 692 MC	TATA
AGY 693 MC 	TATA
AGY 696 MC 	TATA
AGY 699 MC	TATA
AGY 701 MC	TATA 
AGZ 241 MC	TATA 
AGZ 242 MC	TATA 
AGZ 244 MC 	TATA
AGZ 246 MC	TATA 
AGZ 247 MC	TATA
AGZ 248 MC	TATA
AGZ 250 MC	TATA 
AGZ 251 MC 	TATA
AGZ 253 MC	TATA
AGZ 278 MC	TATA 
AGZ 279 MC	TATA
AGZ 280 MC	TATA
AGZ 281 MC 	TATA
AGZ 282 MC	YUTONG
AGZ 284 MC	TATA
AGZ 285 MC	TATA 
AGZ 286 MC	TATA
AGZ 290 MC	TATA 
AGZ 291 MC	TATA
AGZ 293 MC	TATA
AGZ 294 MC	TATA
AGZ 295 MC	TATA
AGZ 297 MC	TATA
AGZ 298 MC	TATA 
AGZ 306 MC 	TATA
AGZ 309 MC	TATA
AGZ 318 MC	TATA 
AGZ 322 MC	TATA
AGZ 327 MC	TATA
AGZ 331 MC 	TATA
AGZ 334 MC	TATA 
AGZ 348 MC	TATA
AGZ 411 MC	TATA
AGZ 681 MC	TATA
AGZ 694 MC	YUTONG
AGZ 697 MC	TATA
AHA 229 MC	TATA
AHA 232 MC 	TATA
AHA 235 MC	TATA
AHA 236 MC 	TATA
AHA 237 MC	TATA 
AHA 238 MC	TATA
AHA 239 MC	TATA
AHA 244 MC	TATA
AHA 247 MC	TATA
AHA 256 MC	TATA 
AHA 282 MC	TATA
AHA 285 MC 	TATA
AHA 294 MC	TATA
AHA 298 MC	TATA
AHA 303 MC	TATA 
AHA 306 MC	TATA 
AHA 308 MC	TATA
AHA 393 MC 	TATA
AHA 950 MC	TATA
AHA 953 MC 	TATA
AHD 329 MC	TATA
AHD 332 MC	TATA
AHJ 595 MC	VOLKSWAGEN
AHJ 598 MC 	 ZHONG TONG
AHJ 600 MC	VOLKSWAGEN
AHJ 601 MC	VOLKSWAGEN
AHJ 604 MC	VOLKSWAGEN NEO
AHJ 605 MC	VOLKSWAGEN
AHJ 607 MC	VOLKSWAGEN NEO
AHJ 609 MC	VOLKSWAGEN
AHJ 611 MC	VOLKSWAGEN NEO
AHJ 612 MC	VOLKSWAGEN NEO
AHJ 616 MC	VOLKSWAGEN NEO
AHJ 617 MC	VOLKSWAGEN NEO
AHJ 619 MC	VOLKSWAGEN NEO
AHJ 620 MC	VOLKSWAGEN NEO
AHJ 621 MC	VOLKSWAGEN
AHJ 622 MC	VOLSKWAGEN
AHJ 623 MC	VOLKSWAGEN
AHJ 625 MC	VOLKSWAGEN
AHJ 626 MC	VOLKSWAGEN
AHJ 628 MC	VOLSKWAGEN
AHJ 629 MC	VOLKSWAGEN NEO
AHJ 633 MC	VOLKSWAGEN NEO
AHJ 635 MC	VOLKSWAGEN NEO
AHJ 636 MC	VOLKSWAGEN
AHJ 638 MC	VOLSKWAGEN
AHJ 640 MC	VOLKSWAGEN
AHJ 641 MC	VOLKSWAGEN
AHJ 643 MC	VOLKSWAGEN
AHJ 644 MC	VOLSKWAGEN
AHJ 645 MC	VOLSKWAGEN
AHJ 648 MC	VOLSKWAGEN
AHJ 650 MC	VOLSKWAGEN
AHJ 651 MC	VOLSKWAGEN
AHJ 653 MC	VOLKSWAGEN
AHJ 655 MC	VOLKSWAGEN NEO
AHJ 656 MC	VOLKSWAGEN NEO
AHJ 658 MC	VOLKSWAGEN NEO
AHJ 660 MC	VOLKSWAGEN
AHJ 664 MC	VOLKSWAGEN
AHJ 665 MC	VOLKSWAGEN
AHJ 668 MC	VOLKSWAGEN
AHJ 670 MC	VOLKSWAGEN NEO
AHJ 672 MC	VOLKSWAGEN NEO
AHJ 673 MC	VOLKSWAGEN NEO
AHJ 675 MC	VOLKSWAGEN NEO
AHJ 679 MC	VOLKSWAGEN NEO
AHJ 683 MC	VOLKSWAGEN 
AHJ 685 MC	VOLKSWAGEN
AHJ 687 MC	VOLKSWAGEN NEO
AHJ 690 MC	VOLKSWAGEN NEO
AHJ 692 MC	 ZHONG TONG
AHJ 695 MC	VOLKSWAGEN 
AHJ 702 MC	 ZHONG TONG
AHJ 705 MC	VOLKSWAGEN NEO
AHJ 707 MC	VOLKSWAGEN
AHJ 711 MC	VOLKSWAGEN
AHJ 713 MC	VOLKSWAGEN NEO
AHJ 714 MC	VOLKSWAGEN
AHJ 715 MC	VOLKSWAGEN NEO
AHV 671 MC 	YUTONG
AHV 724 MC 	YUTONG
AHV 728 MC 	YUTONG
AHV 729 MC 	YUTONG
AHV 752 MC 	YUTONG
AHV 759 MC 	YUTONG
AHV 760 MC 	YUTONG
AHV 766 MC 	YUTONG
AHV 889 MC	YUTONG
AHV 891 MC	YUTONG
AHV 948 MC 	YUTONG
AHW 018 MC	YUTONG
AHW 056 MC	YUTONG
AHW 059 MC	YUTONG
AHW 061 MC	YUTONG 
AHW 064 MC	YUTONG 
AHW 067 MC	YUTONG
AHW 069 MC	YUTONG
AHW 072 MC	YUTONG
AHW 076 MC	YUTONG
AHW 079 MC	YUTONG
AHW 082 MC	YUTONG
AHW 086 MC	YUTONG
AHW 089 MC	YUTONG
AHW 092 MC	YUTONG
AHW 094 MC	YUTONG 
AHW 096 MC	YUTONG
AHW 100 MC	YUTONG
AHW 102 MC	YUTONG
AHW 104 MC	YUTONG
AHW 294 MC	YUTONG
AHW 296 MC	YUTONG
AHW 299 MC	YUTONG
AIG 379 MC	FUSO CANTER
AIH 018 MC	 ZHONG TONG
AIH 887 MC	 ZHONG TONG
AIH 890 MC	FUSO CANTER
AIH 894 MC	 ZHONG TONG
AIH 895 MC 	 ZHONG TONG 
AIH 896 MC	 ZHONG TONG
AIH 900 MC	 ZHONG TONG
AIH 902 MC	 ZHONG TONG
AIH 905 MC	 ZHONG TONG
AIH 910 MC	 ZHONG TONG
AIH 912 MC	 ZHONG TONG
AIH 914 MC	 ZHONG TONG
AIH 920 MC	ZONG TONG
AIH 922 MC 	 ZHONG TONG 
AIH 925 MC	FUSO CANTER
AIH 929 MC	 ZHONG TONG
AIH 933 MC	 ZHONG TONG
AIH 935 MC	 ZHONG TONG
AIH 937 MC	 ZHONG TONG
AIH 940 MC	 ZHONG TONG
AIH 941 MC	 ZHONG TONG
AIH 942 MC 	FUSO CANTER
AIH 944 MC	 ZHONG TONG
AIH 945 MC	 ZHONG TONG 
AIH 947 MC	 ZHONG TONG
AIH 951 MC 	 ZHONG TONG 
AIH 954 MC	 ZHONG TONG
AIH 956 MC	 ZHONG TONG
AIH 957 MC	 ZHONG TONG
AIH 959 MC	 ZHONG TONG
AIH 960 MC	ZONG TONG
AIH 963 MC	 ZHONG TONG
AIH 964 MC	 ZHONG TONG
AIH 966 MC	 ZHONG TONG
AIH 970 MC	 ZHONG TONG
AIH 971 MC	 ZHONG TONG
AIH 972 MC	 ZHONG TONG
AIH 973 MC	 ZHONG TONG
AIH 974 MC	 ZHONG TONG
AIH 976 MC	ZONG TONG
AIH 978 MC	 ZHONG TONG
AIH 979 MC	 ZHONG TONG
AIH 980 MC	 ZHONG TONG
AIH 983 MC 	ZONG TONG
AIH 984 MC	ZONG TONG
AIH 985 MC	 ZHONG TONG
AIH 987 MC	 ZHONG TONG
AIH 988 MC	 ZHONG TONG
AIH 990 MC	 ZHONG TONG 
AIH 991 MC	 ZHONG TONG 
AIH 992 MC	 ZHONG TONG
AIH 993 MC	 ZHONG TONG
AIH 994 MC	 ZHONG TONG
AIH 995 MC	 ZHONG TONG
AIH 996 MC	 ZHONG TONG
AIH 997 MC	 ZHONG TONG
AIH 998 MC	 ZHONG TONG
AII 003 MC	 ZHONG TONG
AII 004 MC 	ZONG TONG
AII 005 MC	 ZHONG TONG 
AII 007 MC	ZONG TONG
AII 013 MC	 ZHONG TONG
AII 015 MC	 ZHONG TONG
AII 016 MC	 ZHONG TONG
AII 017 MC	 ZHONG TONG 
AII 020 MC	 ZHONG TONG
AII 021 MC	 ZHONG TONG
AII 022 MC	 ZHONG TONG
AIL 168 MC	FUSO CANTER
AIP 850 MC	FUSO CANTER
AIP 852 MC	FUSO CANTER
AIP 853 MC	FUSO CANTER
AIP 855 MC	FUSO CANTER
AIR 035 MC	FUSO CANTER
AIR 036 MC	FUSO CANTER
AIR 039 MC	FUSO CANTER
AIV 486 MC 	FUSO CANTER
